id,y
5000,0.16161616161616163
5001,1.0
5002,0.0082855321861058
5003,0.9464566929133859
5004,0.9846625766871165
5005,0.0082855321861058
5006,1.0
5007,0.0082855321861058
5008,0.0082855321861058
5009,0.928
5010,1.0
5011,1.0
5012,1.0
5013,0.0082855321861058
5014,1.0
5015,1.0
5016,0.9534883720930233
5017,0.0082855321861058
5018,0.7375
5019,0.0082855321861058
5020,0.0082855321861058
5021,0.0082855321861058
5022,1.0
5023,0.9846625766871165
5024,1.0
5025,1.0
5026,1.0
5027,0.928
5028,0.0082855321861058
5029,0.0082855321861058
5030,0.0082855321861058
5031,1.0
5032,0.9846625766871165
5033,0.9464566929133859
5034,0.0082855321861058
5035,0.0082855321861058
5036,0.928
5037,0.0082855321861058
5038,0.9464566929133859
5039,0.0082855321861058
5040,0.0082855321861058
5041,0.0082855321861058
5042,0.9649122807017544
5043,0.0082855321861058
5044,0.9464566929133859
5045,1.0
5046,0.9252873563218391
5047,0.0082855321861058
5048,1.0
5049,0.0082855321861058
5050,0.8484848484848485
5051,1.0
5052,0.0082855321861058
5053,0.0
5054,0.9464566929133859
5055,1.0
5056,0.9534883720930233
5057,0.0082855321861058
5058,0.9252873563218391
5059,0.0
5060,0.9464566929133859
5061,0.39215686274509803
5062,0.9464566929133859
5063,0.9322033898305084
5064,0.16161616161616163
5065,0.0082855321861058
5066,0.9464566929133859
5067,0.9375
5068,1.0
5069,0.8484848484848485
5070,0.7375
5071,0.9464566929133859
5072,0.9649122807017544
5073,0.16161616161616163
5074,1.0
5075,1.0
5076,1.0
5077,0.0082855321861058
5078,0.0
5079,0.9252873563218391
5080,0.9846625766871165
5081,0.9464566929133859
5082,0.0082855321861058
5083,1.0
5084,0.0082855321861058
5085,0.9252873563218391
5086,1.0
5087,0.0082855321861058
5088,0.0082855321861058
5089,0.0082855321861058
5090,0.0082855321861058
5091,0.9252873563218391
5092,0.7375
5093,1.0
5094,0.0082855321861058
5095,0.0082855321861058
5096,1.0
5097,1.0
5098,0.0082855321861058
5099,0.0082855321861058
5100,0.9846625766871165
5101,0.16161616161616163
5102,0.0082855321861058
5103,0.4444444444444444
5104,1.0
5105,0.9464566929133859
5106,1.0
5107,0.9252873563218391
5108,0.9464566929133859
5109,0.16161616161616163
5110,1.0
5111,0.928
5112,0.0082855321861058
5113,0.0082855321861058
5114,1.0
5115,1.0
5116,0.0082855321861058
5117,0.0082855321861058
5118,0.0082855321861058
5119,0.928
5120,0.0082855321861058
5121,0.0
5122,0.928
5123,1.0
5124,1.0
5125,0.9464566929133859
5126,0.0082855321861058
5127,0.0082855321861058
5128,0.9252873563218391
5129,0.39215686274509803
5130,0.9846625766871165
5131,0.0082855321861058
5132,0.16161616161616163
5133,0.0082855321861058
5134,0.0082855321861058
5135,0.0082855321861058
5136,0.9464566929133859
5137,0.16161616161616163
5138,0.0082855321861058
5139,0.0
5140,0.0082855321861058
5141,0.0082855321861058
5142,0.0082855321861058
5143,1.0
5144,0.0082855321861058
5145,1.0
5146,1.0
5147,0.0082855321861058
5148,0.0082855321861058
5149,1.0
5150,0.16161616161616163
5151,0.9464566929133859
5152,1.0
5153,1.0
5154,0.0082855321861058
5155,0.0082855321861058
5156,1.0
5157,0.0082855321861058
5158,0.9846625766871165
5159,1.0
5160,0.0082855321861058
5161,1.0
5162,0.7375
5163,1.0
5164,1.0
5165,1.0
5166,0.9464566929133859
5167,1.0
5168,0.9464566929133859
5169,1.0
5170,0.0
5171,1.0
5172,0.0082855321861058
5173,0.0
5174,0.0082855321861058
5175,0.9464566929133859
5176,0.9252873563218391
5177,0.0082855321861058
5178,0.7375
5179,0.102803738317757
5180,0.0082855321861058
5181,0.9464566929133859
5182,0.9464566929133859
5183,0.0
5184,1.0
5185,0.8484848484848485
5186,0.0082855321861058
5187,1.0
5188,0.0082855321861058
5189,0.0082855321861058
5190,0.9846625766871165
5191,0.0082855321861058
5192,0.16161616161616163
5193,0.0082855321861058
5194,0.0082855321861058
5195,1.0
5196,0.9846625766871165
5197,0.9846625766871165
5198,0.0082855321861058
5199,0.0082855321861058
5200,0.9464566929133859
5201,0.0082855321861058
5202,1.0
5203,0.928
5204,0.0082855321861058
5205,0.9375
5206,0.0082855321861058
5207,0.9846625766871165
5208,0.0082855321861058
5209,1.0
5210,0.0082855321861058
5211,0.16161616161616163
5212,0.0082855321861058
5213,0.0082855321861058
5214,0.0082855321861058
5215,0.1917808219178082
5216,0.928
5217,0.1917808219178082
5218,0.9252873563218391
5219,0.9464566929133859
5220,0.0082855321861058
5221,0.0082855321861058
5222,0.0082855321861058
5223,1.0
5224,0.0082855321861058
5225,1.0
5226,0.0
5227,0.9464566929133859
5228,1.0
5229,0.0082855321861058
5230,0.9534883720930233
5231,0.0082855321861058
5232,0.9252873563218391
5233,0.0082855321861058
5234,0.7375
5235,0.9252873563218391
5236,1.0
5237,1.0
5238,0.9464566929133859
5239,0.9322033898305084
5240,0.9464566929133859
5241,0.0082855321861058
5242,0.0082855321861058
5243,0.0082855321861058
5244,1.0
5245,0.9322033898305084
5246,1.0
5247,0.0082855321861058
5248,1.0
5249,0.8484848484848485
5250,0.0082855321861058
5251,0.9464566929133859
5252,0.9322033898305084
5253,0.0082855321861058
5254,1.0
5255,0.9252873563218391
5256,0.9846625766871165
5257,0.9464566929133859
5258,0.0082855321861058
5259,0.0082855321861058
5260,0.0
5261,0.0082855321861058
5262,1.0
5263,0.0
5264,0.9464566929133859
5265,1.0
5266,0.0082855321861058
5267,0.9464566929133859
5268,0.0
5269,0.9464566929133859
5270,0.16161616161616163
5271,0.7375
5272,1.0
5273,0.0082855321861058
5274,0.0082855321861058
5275,1.0
5276,0.9464566929133859
5277,0.0082855321861058
5278,1.0
5279,0.9846625766871165
5280,0.0082855321861058
5281,0.0082855321861058
5282,0.928
5283,0.16161616161616163
5284,0.9464566929133859
5285,0.0
5286,1.0
5287,0.0082855321861058
5288,0.0082855321861058
5289,0.16161616161616163
5290,0.0082855321861058
5291,1.0
5292,0.9846625766871165
5293,0.9846625766871165
5294,0.9464566929133859
5295,0.0082855321861058
5296,1.0
5297,0.9464566929133859
5298,0.0082855321861058
5299,1.0
5300,0.9464566929133859
5301,0.102803738317757
5302,1.0
5303,0.0082855321861058
5304,0.0082855321861058
5305,1.0
5306,1.0
5307,1.0
5308,1.0
5309,0.9534883720930233
5310,0.9464566929133859
5311,0.0082855321861058
5312,0.0082855321861058
5313,1.0
5314,0.16161616161616163
5315,1.0
5316,0.7375
5317,0.0082855321861058
5318,0.0082855321861058
5319,1.0
5320,0.9252873563218391
5321,0.9846625766871165
5322,1.0
5323,0.0082855321861058
5324,0.0082855321861058
5325,0.9464566929133859
5326,0.0082855321861058
5327,1.0
5328,0.0082855321861058
5329,0.0
5330,0.0082855321861058
5331,0.0082855321861058
5332,0.9846625766871165
5333,1.0
5334,0.0082855321861058
5335,0.9464566929133859
5336,0.7375
5337,0.0082855321861058
5338,0.0082855321861058
5339,0.16161616161616163
5340,1.0
5341,0.928
5342,0.9464566929133859
5343,0.0
5344,0.0082855321861058
5345,0.0082855321861058
5346,0.0082855321861058
5347,1.0
5348,0.0082855321861058
5349,0.9464566929133859
5350,0.0082855321861058
5351,0.9464566929133859
5352,0.9464566929133859
5353,0.9322033898305084
5354,1.0
5355,0.0082855321861058
5356,0.16161616161616163
5357,0.9464566929133859
5358,0.0082855321861058
5359,1.0
5360,1.0
5361,1.0
5362,0.9252873563218391
5363,1.0
5364,1.0
5365,0.0082855321861058
5366,0.9252873563218391
5367,0.0082855321861058
5368,0.9649122807017544
5369,0.0082855321861058
5370,0.0082855321861058
5371,0.9464566929133859
5372,0.0082855321861058
5373,0.4444444444444444
5374,1.0
5375,0.9
5376,0.9846625766871165
5377,0.9464566929133859
5378,0.0082855321861058
5379,0.0082855321861058
5380,0.0082855321861058
5381,0.0082855321861058
5382,0.0082855321861058
5383,0.0082855321861058
5384,0.0
5385,0.0082855321861058
5386,0.0082855321861058
5387,0.0
5388,0.0082855321861058
5389,0.9846625766871165
5390,0.9252873563218391
5391,0.16161616161616163
5392,0.0082855321861058
5393,0.9252873563218391
5394,0.0
5395,0.9464566929133859
5396,0.928
5397,0.16161616161616163
5398,0.0082855321861058
5399,0.0082855321861058
5400,0.0082855321861058
5401,0.0
5402,0.9252873563218391
5403,0.9252873563218391
5404,0.9252873563218391
5405,1.0
5406,0.9846625766871165
5407,0.9846625766871165
5408,1.0
5409,1.0
5410,0.9534883720930233
5411,0.0082855321861058
5412,0.9846625766871165
5413,1.0
5414,0.0082855321861058
5415,0.1917808219178082
5416,0.9846625766871165
5417,0.0082855321861058
5418,0.4444444444444444
5419,0.928
5420,1.0
5421,0.9252873563218391
5422,0.0
5423,1.0
5424,0.9846625766871165
5425,0.9846625766871165
5426,0.0082855321861058
5427,1.0
5428,0.0082855321861058
5429,0.0082855321861058
5430,0.7375
5431,0.0082855321861058
5432,0.16161616161616163
5433,0.9464566929133859
5434,0.0082855321861058
5435,0.0082855321861058
5436,1.0
5437,0.9464566929133859
5438,0.0082855321861058
5439,1.0
5440,1.0
5441,1.0
5442,0.0082855321861058
5443,0.16161616161616163
5444,0.0
5445,0.0082855321861058
5446,0.9464566929133859
5447,0.9846625766871165
5448,0.4
5449,0.9846625766871165
5450,0.0082855321861058
5451,0.39215686274509803
5452,0.16161616161616163
5453,0.0082855321861058
5454,0.9464566929133859
5455,0.0
5456,0.0082855321861058
5457,0.16161616161616163
5458,0.9846625766871165
5459,0.9252873563218391
5460,0.928
5461,0.8484848484848485
5462,0.9464566929133859
5463,1.0
5464,0.9464566929133859
5465,0.9322033898305084
5466,0.9846625766871165
5467,1.0
5468,0.0082855321861058
5469,0.0
5470,1.0
5471,0.9252873563218391
5472,0.928
5473,1.0
5474,1.0
5475,1.0
5476,1.0
5477,0.928
5478,1.0
5479,0.9464566929133859
5480,0.0082855321861058
5481,0.9464566929133859
5482,0.0082855321861058
5483,0.0082855321861058
5484,1.0
5485,1.0
5486,0.16161616161616163
5487,0.0082855321861058
5488,0.39215686274509803
5489,0.9464566929133859
5490,0.0
5491,0.0082855321861058
5492,0.9464566929133859
5493,0.9464566929133859
5494,0.0082855321861058
5495,0.16161616161616163
5496,0.9252873563218391
5497,0.9464566929133859
5498,0.0082855321861058
5499,0.0
5500,0.0082855321861058
5501,1.0
5502,1.0
5503,0.9464566929133859
5504,0.0082855321861058
5505,0.0082855321861058
5506,0.0082855321861058
5507,0.9846625766871165
5508,0.0082855321861058
5509,0.0082855321861058
5510,0.0082855321861058
5511,0.0082855321861058
5512,0.9252873563218391
5513,0.9464566929133859
5514,0.0082855321861058
5515,0.9649122807017544
5516,1.0
5517,1.0
5518,0.0
5519,1.0
5520,0.0082855321861058
5521,0.16161616161616163
5522,0.928
5523,0.9464566929133859
5524,0.0082855321861058
5525,0.9464566929133859
5526,0.0082855321861058
5527,1.0
5528,0.9846625766871165
5529,0.9464566929133859
5530,0.0082855321861058
5531,0.9252873563218391
5532,0.0082855321861058
5533,1.0
5534,0.9464566929133859
5535,0.9464566929133859
5536,0.1917808219178082
5537,1.0
5538,0.0
5539,0.9846625766871165
5540,0.0082855321861058
5541,0.0082855321861058
5542,1.0
5543,0.9322033898305084
5544,0.0082855321861058
5545,0.9464566929133859
5546,0.0082855321861058
5547,0.9464566929133859
5548,0.7375
5549,1.0
5550,0.0082855321861058
5551,0.9375
5552,0.0082855321861058
5553,1.0
5554,1.0
5555,0.928
5556,0.16161616161616163
5557,1.0
5558,1.0
5559,0.39215686274509803
5560,1.0
5561,0.0082855321861058
5562,0.0082855321861058
5563,0.9846625766871165
5564,0.9464566929133859
5565,0.0082855321861058
5566,0.0082855321861058
5567,0.0082855321861058
5568,0.9846625766871165
5569,0.9846625766871165
5570,1.0
5571,0.16161616161616163
5572,0.9464566929133859
5573,0.16161616161616163
5574,0.0
5575,0.0082855321861058
5576,1.0
5577,1.0
5578,0.0082855321861058
5579,1.0
5580,1.0
5581,0.928
5582,0.0082855321861058
5583,1.0
5584,0.9464566929133859
5585,1.0
5586,0.9649122807017544
5587,1.0
5588,0.0
5589,0.928
5590,0.4444444444444444
5591,0.0082855321861058
5592,0.16161616161616163
5593,0.0082855321861058
5594,1.0
5595,0.0082855321861058
5596,1.0
5597,0.0
5598,0.0
5599,0.102803738317757
5600,0.0082855321861058
5601,1.0
5602,0.0082855321861058
5603,0.16161616161616163
5604,0.0082855321861058
5605,1.0
5606,1.0
5607,0.0082855321861058
5608,1.0
5609,0.25
5610,0.0082855321861058
5611,0.0082855321861058
5612,0.0082855321861058
5613,0.0082855321861058
5614,0.0082855321861058
5615,1.0
5616,1.0
5617,0.39215686274509803
5618,0.9252873563218391
5619,1.0
5620,1.0
5621,0.0082855321861058
5622,0.1917808219178082
5623,0.928
5624,0.0082855321861058
5625,0.0082855321861058
5626,0.7375
5627,0.928
5628,0.0082855321861058
5629,1.0
5630,0.9464566929133859
5631,1.0
5632,1.0
5633,1.0
5634,1.0
5635,1.0
5636,0.0082855321861058
5637,1.0
5638,0.0082855321861058
5639,0.9464566929133859
5640,0.16161616161616163
5641,0.16161616161616163
5642,0.928
5643,1.0
5644,0.9846625766871165
5645,0.9464566929133859
5646,0.0082855321861058
5647,1.0
5648,0.0082855321861058
5649,0.9534883720930233
5650,0.7375
5651,1.0
5652,0.0082855321861058
5653,0.0082855321861058
5654,1.0
5655,0.9649122807017544
5656,0.9322033898305084
5657,0.1917808219178082
5658,0.0082855321861058
5659,0.0082855321861058
5660,0.0082855321861058
5661,0.9464566929133859
5662,0.9464566929133859
5663,0.9534883720930233
5664,0.0082855321861058
5665,1.0
5666,0.9464566929133859
5667,1.0
5668,0.9649122807017544
5669,0.9846625766871165
5670,0.9252873563218391
5671,0.9
5672,0.8484848484848485
5673,0.9464566929133859
5674,0.0082855321861058
5675,0.9464566929133859
5676,0.0082855321861058
5677,1.0
5678,0.9464566929133859
5679,0.9464566929133859
5680,0.9464566929133859
5681,0.16161616161616163
5682,1.0
5683,0.0082855321861058
5684,0.102803738317757
5685,0.5714285714285714
5686,0.9252873563218391
5687,0.0082855321861058
5688,0.0082855321861058
5689,0.9846625766871165
5690,0.0082855321861058
5691,0.9464566929133859
5692,0.0082855321861058
5693,0.0082855321861058
5694,1.0
5695,0.0082855321861058
5696,0.0082855321861058
5697,0.9846625766871165
5698,0.102803738317757
5699,1.0
5700,0.9846625766871165
5701,0.0082855321861058
5702,0.9649122807017544
5703,1.0
5704,0.928
5705,0.9252873563218391
5706,0.0082855321861058
5707,0.0082855321861058
5708,0.9
5709,0.0082855321861058
5710,0.928
5711,0.0082855321861058
5712,0.0
5713,0.0
5714,0.0082855321861058
5715,0.9252873563218391
5716,1.0
5717,0.0082855321861058
5718,0.1917808219178082
5719,0.0082855321861058
5720,0.0082855321861058
5721,0.16161616161616163
5722,0.9252873563218391
5723,1.0
5724,0.0082855321861058
5725,1.0
5726,1.0
5727,0.0
5728,1.0
5729,1.0
5730,0.0082855321861058
5731,0.0082855321861058
5732,0.0082855321861058
5733,0.9846625766871165
5734,0.0082855321861058
5735,0.9464566929133859
5736,1.0
5737,0.0082855321861058
5738,0.0082855321861058
5739,0.9649122807017544
5740,0.0
5741,0.0082855321861058
5742,0.0082855321861058
5743,0.9252873563218391
5744,0.0082855321861058
5745,0.4444444444444444
5746,1.0
5747,0.9464566929133859
5748,1.0
5749,1.0
5750,0.9464566929133859
5751,0.0082855321861058
5752,0.0082855321861058
5753,1.0
5754,0.9252873563218391
5755,0.0082855321861058
5756,1.0
5757,0.9375
5758,0.9252873563218391
5759,0.9322033898305084
5760,0.0082855321861058
5761,0.7375
5762,0.9252873563218391
5763,0.0082855321861058
5764,1.0
5765,0.0082855321861058
5766,1.0
5767,0.0
5768,0.9252873563218391
5769,0.0082855321861058
5770,0.0082855321861058
5771,0.9464566929133859
5772,0.9846625766871165
5773,0.9464566929133859
5774,0.16161616161616163
5775,0.9464566929133859
5776,0.0
5777,0.0082855321861058
5778,1.0
5779,0.0082855321861058
5780,0.9464566929133859
5781,0.9464566929133859
5782,0.9375
5783,0.0082855321861058
5784,0.8484848484848485
5785,0.9846625766871165
5786,0.7375
5787,1.0
5788,0.0082855321861058
5789,0.0082855321861058
5790,1.0
5791,0.0082855321861058
5792,0.9846625766871165
5793,0.9846625766871165
5794,1.0
5795,0.0082855321861058
5796,1.0
5797,0.9846625766871165
5798,0.0082855321861058
5799,0.1917808219178082
5800,0.9464566929133859
5801,1.0
5802,0.0082855321861058
5803,1.0
5804,0.4
5805,0.9375
5806,0.0082855321861058
5807,0.0082855321861058
5808,0.9252873563218391
5809,1.0
5810,0.0082855321861058
5811,0.0082855321861058
5812,1.0
5813,0.39215686274509803
5814,0.9252873563218391
5815,0.9846625766871165
5816,0.0082855321861058
5817,0.0
5818,0.0082855321861058
5819,0.9846625766871165
5820,1.0
5821,0.9464566929133859
5822,1.0
5823,0.0082855321861058
5824,0.9846625766871165
5825,0.0082855321861058
5826,0.0082855321861058
5827,0.0082855321861058
5828,0.102803738317757
5829,1.0
5830,0.39215686274509803
5831,0.0082855321861058
5832,0.9252873563218391
5833,0.9252873563218391
5834,1.0
5835,0.0082855321861058
5836,0.9846625766871165
5837,1.0
5838,0.9464566929133859
5839,0.0082855321861058
5840,0.16161616161616163
5841,0.9846625766871165
5842,0.9464566929133859
5843,0.0082855321861058
5844,1.0
5845,0.0082855321861058
5846,1.0
5847,1.0
5848,0.0
5849,0.8484848484848485
5850,0.9464566929133859
5851,0.9846625766871165
5852,0.16161616161616163
5853,0.16666666666666666
5854,1.0
5855,0.928
5856,0.39215686274509803
5857,0.0082855321861058
5858,0.9846625766871165
5859,0.0082855321861058
5860,0.9464566929133859
5861,0.1917808219178082
5862,0.9846625766871165
5863,0.9252873563218391
5864,0.9464566929133859
5865,0.0082855321861058
5866,0.4444444444444444
5867,1.0
5868,0.9846625766871165
5869,0.9464566929133859
5870,0.9252873563218391
5871,0.0082855321861058
5872,0.0082855321861058
5873,0.7375
5874,1.0
5875,1.0
5876,0.0082855321861058
5877,0.7375
5878,0.9846625766871165
5879,0.0082855321861058
5880,0.0
5881,0.9464566929133859
5882,0.0082855321861058
5883,1.0
5884,0.7375
5885,1.0
5886,0.102803738317757
5887,0.0082855321861058
5888,0.7375
5889,1.0
5890,0.0082855321861058
5891,0.9464566929133859
5892,1.0
5893,0.9846625766871165
5894,0.9464566929133859
5895,0.0082855321861058
5896,0.9846625766871165
5897,0.7375
5898,0.9534883720930233
5899,0.7375
5900,0.0082855321861058
5901,0.0082855321861058
5902,0.0082855321861058
5903,1.0
5904,0.9464566929133859
5905,0.0082855321861058
5906,0.0082855321861058
5907,0.9464566929133859
5908,1.0
5909,0.0082855321861058
5910,0.102803738317757
5911,0.0082855321861058
5912,1.0
5913,0.5714285714285714
5914,0.1917808219178082
5915,1.0
5916,0.0082855321861058
5917,0.9464566929133859
5918,0.4444444444444444
5919,0.0082855321861058
5920,0.1917808219178082
5921,0.0082855321861058
5922,0.928
5923,0.39215686274509803
5924,1.0
5925,0.4444444444444444
5926,0.0082855321861058
5927,0.0082855321861058
5928,1.0
5929,0.0082855321861058
5930,0.0082855321861058
5931,0.0082855321861058
5932,1.0
5933,0.9464566929133859
5934,0.5714285714285714
5935,0.4444444444444444
5936,1.0
5937,0.9464566929133859
5938,0.0082855321861058
5939,0.0
5940,1.0
5941,0.0082855321861058
5942,1.0
5943,0.9464566929133859
5944,0.0082855321861058
5945,0.9846625766871165
5946,1.0
5947,0.9464566929133859
5948,0.9252873563218391
5949,0.9464566929133859
5950,0.9464566929133859
5951,0.9846625766871165
5952,0.0082855321861058
5953,0.16161616161616163
5954,0.0082855321861058
5955,0.9846625766871165
5956,1.0
5957,1.0
5958,0.0082855321861058
5959,0.9846625766871165
5960,0.0082855321861058
5961,0.0082855321861058
5962,0.0082855321861058
5963,0.9252873563218391
5964,0.0082855321861058
5965,0.9464566929133859
5966,1.0
5967,0.0082855321861058
5968,1.0
5969,0.0082855321861058
5970,1.0
5971,0.0082855321861058
5972,0.9464566929133859
5973,1.0
5974,1.0
5975,0.0082855321861058
5976,0.0082855321861058
5977,0.9252873563218391
5978,0.0082855321861058
5979,0.0082855321861058
5980,0.0082855321861058
5981,0.0082855321861058
5982,0.0082855321861058
5983,0.928
5984,0.0082855321861058
5985,0.9846625766871165
5986,0.9846625766871165
5987,0.9464566929133859
5988,0.0082855321861058
5989,0.9846625766871165
5990,1.0
5991,0.0082855321861058
5992,0.1917808219178082
5993,1.0
5994,1.0
5995,0.102803738317757
5996,0.0
5997,0.0082855321861058
5998,0.9464566929133859
5999,0.9464566929133859
6000,0.9846625766871165
6001,0.0
6002,0.0082855321861058
6003,0.9464566929133859
6004,0.9649122807017544
6005,0.0082855321861058
6006,0.0082855321861058
6007,0.9464566929133859
6008,0.0082855321861058
6009,1.0
6010,1.0
6011,1.0
6012,0.0
6013,0.0082855321861058
6014,0.9464566929133859
6015,0.9649122807017544
6016,0.0082855321861058
6017,0.0
6018,0.9464566929133859
6019,1.0
6020,1.0
6021,0.9252873563218391
6022,0.9252873563218391
6023,1.0
6024,0.0082855321861058
6025,0.0082855321861058
6026,1.0
6027,1.0
6028,0.9464566929133859
6029,1.0
6030,0.0082855321861058
6031,1.0
6032,0.9252873563218391
6033,0.9846625766871165
6034,0.0082855321861058
6035,0.9464566929133859
6036,0.102803738317757
6037,0.9464566929133859
6038,0.0082855321861058
6039,1.0
6040,1.0
6041,0.0082855321861058
6042,1.0
6043,0.16161616161616163
6044,1.0
6045,0.0082855321861058
6046,0.16161616161616163
6047,1.0
6048,1.0
6049,0.9464566929133859
6050,1.0
6051,0.9464566929133859
6052,0.9252873563218391
6053,1.0
6054,0.0
6055,0.9846625766871165
6056,1.0
6057,0.0082855321861058
6058,0.9464566929133859
6059,0.0082855321861058
6060,0.0082855321861058
6061,0.9846625766871165
6062,0.0082855321861058
6063,0.0082855321861058
6064,0.9375
6065,0.9846625766871165
6066,1.0
6067,1.0
6068,0.0082855321861058
6069,0.9464566929133859
6070,0.9534883720930233
6071,1.0
6072,1.0
6073,0.9464566929133859
6074,0.9464566929133859
6075,1.0
6076,0.0082855321861058
6077,1.0
6078,0.0082855321861058
6079,1.0
6080,1.0
6081,0.9464566929133859
6082,0.9464566929133859
6083,0.9846625766871165
6084,0.1917808219178082
6085,1.0
6086,1.0
6087,1.0
6088,0.9464566929133859
6089,0.102803738317757
6090,0.9846625766871165
6091,0.9252873563218391
6092,0.0
6093,1.0
6094,0.0
6095,1.0
6096,0.9375
6097,0.9252873563218391
6098,0.9464566929133859
6099,0.0
6100,0.9464566929133859
6101,0.0082855321861058
6102,1.0
6103,0.9846625766871165
6104,0.9252873563218391
6105,1.0
6106,0.9
6107,0.0082855321861058
6108,0.16161616161616163
6109,0.0082855321861058
6110,0.9464566929133859
6111,0.0082855321861058
6112,0.9322033898305084
6113,0.9252873563218391
6114,1.0
6115,0.0082855321861058
6116,0.0082855321861058
6117,0.9846625766871165
6118,1.0
6119,0.0082855321861058
6120,0.39215686274509803
6121,1.0
6122,0.9322033898305084
6123,1.0
6124,0.0082855321861058
6125,0.928
6126,1.0
6127,0.0082855321861058
6128,0.9464566929133859
6129,1.0
6130,1.0
6131,1.0
6132,0.0082855321861058
6133,1.0
6134,0.9464566929133859
6135,0.9464566929133859
6136,0.9464566929133859
6137,1.0
6138,1.0
6139,0.9322033898305084
6140,0.9464566929133859
6141,1.0
6142,1.0
6143,0.928
6144,1.0
6145,0.9649122807017544
6146,0.102803738317757
6147,0.0082855321861058
6148,0.0082855321861058
6149,0.1917808219178082
6150,0.0082855321861058
6151,0.16161616161616163
6152,0.9464566929133859
6153,0.16161616161616163
6154,1.0
6155,1.0
6156,1.0
6157,0.0082855321861058
6158,0.0082855321861058
6159,0.928
6160,0.0082855321861058
6161,0.1917808219178082
6162,0.9464566929133859
6163,1.0
6164,1.0
6165,1.0
6166,1.0
6167,0.9846625766871165
6168,0.928
6169,0.9846625766871165
6170,1.0
6171,0.9464566929133859
6172,0.1917808219178082
6173,0.0082855321861058
6174,0.9846625766871165
6175,1.0
6176,1.0
6177,0.9322033898305084
6178,0.5714285714285714
6179,1.0
6180,0.16161616161616163
6181,0.0082855321861058
6182,1.0
6183,0.0082855321861058
6184,0.0082855321861058
6185,1.0
6186,0.0082855321861058
6187,0.9846625766871165
6188,0.0082855321861058
6189,0.0082855321861058
6190,0.0082855321861058
6191,0.0
6192,1.0
6193,1.0
6194,1.0
6195,0.0082855321861058
6196,0.928
6197,0.9464566929133859
6198,0.0
6199,0.9464566929133859
6200,0.0082855321861058
6201,0.9322033898305084
6202,0.0082855321861058
6203,0.1917808219178082
6204,0.9464566929133859
6205,1.0
6206,0.0082855321861058
6207,0.0
6208,0.9464566929133859
6209,0.9464566929133859
6210,1.0
6211,0.102803738317757
6212,0.9464566929133859
6213,0.9464566929133859
6214,0.4444444444444444
6215,0.9846625766871165
6216,0.0082855321861058
6217,0.0082855321861058
6218,0.928
6219,0.0082855321861058
6220,0.0082855321861058
6221,0.0082855321861058
6222,1.0
6223,0.9464566929133859
6224,0.16666666666666666
6225,0.9464566929133859
6226,0.4444444444444444
6227,0.0
6228,0.0082855321861058
6229,0.9464566929133859
6230,0.0082855321861058
6231,0.9464566929133859
6232,0.9846625766871165
6233,0.0082855321861058
6234,0.39215686274509803
6235,0.0082855321861058
6236,0.9534883720930233
6237,0.0082855321861058
6238,1.0
6239,0.928
6240,0.0082855321861058
6241,0.9252873563218391
6242,0.9846625766871165
6243,1.0
6244,0.9649122807017544
6245,0.9464566929133859
6246,0.928
6247,0.0082855321861058
6248,0.9322033898305084
6249,1.0
6250,0.0082855321861058
6251,0.0082855321861058
6252,0.0
6253,0.0082855321861058
6254,1.0
6255,1.0
6256,0.9322033898305084
6257,0.16161616161616163
6258,0.7375
6259,1.0
6260,0.9252873563218391
6261,1.0
6262,1.0
6263,0.9464566929133859
6264,0.0082855321861058
6265,1.0
6266,0.928
6267,0.9464566929133859
6268,1.0
6269,0.0082855321861058
6270,1.0
6271,0.16161616161616163
6272,0.9464566929133859
6273,0.0082855321861058
6274,0.0082855321861058
6275,0.9534883720930233
6276,0.9464566929133859
6277,0.16161616161616163
6278,1.0
6279,0.9846625766871165
6280,0.0082855321861058
6281,0.0082855321861058
6282,0.9464566929133859
6283,0.9464566929133859
6284,1.0
6285,0.0082855321861058
6286,0.0082855321861058
6287,0.0082855321861058
6288,0.9464566929133859
6289,0.0082855321861058
6290,1.0
6291,0.9464566929133859
6292,0.9464566929133859
6293,0.16161616161616163
6294,0.9846625766871165
6295,0.16161616161616163
6296,0.4444444444444444
6297,0.0082855321861058
6298,0.0082855321861058
6299,1.0
6300,0.9252873563218391
6301,0.0082855321861058
6302,1.0
6303,1.0
6304,0.0082855321861058
6305,0.9464566929133859
6306,0.4444444444444444
6307,0.0082855321861058
6308,0.9464566929133859
6309,1.0
6310,0.0082855321861058
6311,0.39215686274509803
6312,0.1917808219178082
6313,1.0
6314,0.9464566929133859
6315,0.0
6316,0.0082855321861058
6317,0.0082855321861058
6318,0.0082855321861058
6319,1.0
6320,0.0082855321861058
6321,0.0082855321861058
6322,1.0
6323,0.16161616161616163
6324,0.928
6325,0.9464566929133859
6326,0.9846625766871165
6327,0.0082855321861058
6328,0.0082855321861058
6329,0.0
6330,0.9464566929133859
6331,0.0082855321861058
6332,0.16161616161616163
6333,0.1917808219178082
6334,0.9464566929133859
6335,0.9464566929133859
6336,0.1917808219178082
6337,0.928
6338,0.0082855321861058
6339,0.0082855321861058
6340,1.0
6341,0.0082855321861058
6342,0.928
6343,0.0082855321861058
6344,0.0082855321861058
6345,1.0
6346,1.0
6347,1.0
6348,0.9322033898305084
6349,0.9252873563218391
6350,0.0082855321861058
6351,0.9252873563218391
6352,1.0
6353,0.0082855321861058
6354,0.0082855321861058
6355,0.0082855321861058
6356,0.9464566929133859
6357,0.9464566929133859
6358,0.9464566929133859
6359,0.102803738317757
6360,0.0082855321861058
6361,1.0
6362,0.9464566929133859
6363,0.0082855321861058
6364,0.9846625766871165
6365,0.0082855321861058
6366,0.0082855321861058
6367,1.0
6368,0.0082855321861058
6369,0.9375
6370,0.8484848484848485
6371,0.16161616161616163
6372,0.0082855321861058
6373,1.0
6374,1.0
6375,0.928
6376,0.0082855321861058
6377,0.9252873563218391
6378,0.16161616161616163
6379,0.0082855321861058
6380,0.0082855321861058
6381,0.7375
6382,0.0082855321861058
6383,1.0
6384,0.9252873563218391
6385,0.9464566929133859
6386,0.9464566929133859
6387,1.0
6388,0.9649122807017544
6389,1.0
6390,0.9649122807017544
6391,0.0082855321861058
6392,0.7375
6393,0.0082855321861058
6394,0.0082855321861058
6395,0.39215686274509803
6396,1.0
6397,0.9464566929133859
6398,0.9322033898305084
6399,1.0
6400,0.9464566929133859
6401,0.0082855321861058
6402,1.0
6403,0.9464566929133859
6404,1.0
6405,0.0
6406,0.0
6407,0.9534883720930233
6408,0.0082855321861058
6409,1.0
6410,0.0
6411,0.0082855321861058
6412,0.0082855321861058
6413,1.0
6414,0.9534883720930233
6415,0.9252873563218391
6416,0.9846625766871165
6417,0.9252873563218391
6418,1.0
6419,0.0082855321861058
6420,1.0
6421,0.9846625766871165
6422,0.0082855321861058
6423,0.9464566929133859
6424,1.0
6425,1.0
6426,0.0082855321861058
6427,0.0082855321861058
6428,0.9464566929133859
6429,0.9252873563218391
6430,0.9464566929133859
6431,0.0082855321861058
6432,0.9846625766871165
6433,0.9846625766871165
6434,0.0082855321861058
6435,1.0
6436,0.0082855321861058
6437,1.0
6438,0.9846625766871165
6439,0.0082855321861058
6440,0.0082855321861058
6441,0.0082855321861058
6442,1.0
6443,0.9375
6444,0.0082855321861058
6445,0.0082855321861058
6446,1.0
6447,0.0082855321861058
6448,0.0082855321861058
6449,0.9464566929133859
6450,0.0082855321861058
6451,0.0082855321861058
6452,0.928
6453,1.0
6454,0.0082855321861058
6455,0.0082855321861058
6456,0.16161616161616163
6457,1.0
6458,1.0
6459,0.0082855321861058
6460,0.0
6461,0.0082855321861058
6462,1.0
6463,0.9464566929133859
6464,0.9252873563218391
6465,0.0082855321861058
6466,0.9464566929133859
6467,1.0
6468,0.9846625766871165
6469,0.0
6470,1.0
6471,1.0
6472,0.39215686274509803
6473,0.16161616161616163
6474,1.0
6475,0.102803738317757
6476,0.9464566929133859
6477,1.0
6478,0.0
6479,1.0
6480,1.0
6481,0.9846625766871165
6482,0.0082855321861058
6483,0.9846625766871165
6484,0.0082855321861058
6485,0.9252873563218391
6486,0.9464566929133859
6487,0.0
6488,0.0082855321861058
6489,1.0
6490,1.0
6491,0.9464566929133859
6492,0.0082855321861058
6493,1.0
6494,1.0
6495,0.102803738317757
6496,0.0082855321861058
6497,0.0082855321861058
6498,1.0
6499,0.9846625766871165
6500,1.0
6501,0.9846625766871165
6502,0.16161616161616163
6503,1.0
6504,0.0082855321861058
6505,0.0082855321861058
6506,0.0082855321861058
6507,0.9252873563218391
6508,0.0082855321861058
6509,0.0082855321861058
6510,0.0082855321861058
6511,0.0082855321861058
6512,0.0
6513,1.0
6514,0.0082855321861058
6515,1.0
6516,0.0
6517,0.9464566929133859
6518,0.9252873563218391
6519,0.7375
6520,0.9846625766871165
6521,0.102803738317757
6522,0.102803738317757
6523,1.0
6524,1.0
6525,0.0082855321861058
6526,0.9846625766871165
6527,0.7375
6528,0.0082855321861058
6529,1.0
6530,0.928
6531,1.0
6532,1.0
6533,0.0082855321861058
6534,0.16161616161616163
6535,1.0
6536,0.0082855321861058
6537,0.928
6538,1.0
6539,0.0082855321861058
6540,0.9464566929133859
6541,0.0082855321861058
6542,0.0082855321861058
6543,0.0082855321861058
6544,0.0082855321861058
6545,0.0082855321861058
6546,0.9846625766871165
6547,0.0082855321861058
6548,1.0
6549,0.0082855321861058
6550,0.9464566929133859
6551,0.9464566929133859
6552,0.9464566929133859
6553,1.0
6554,0.9464566929133859
6555,1.0
6556,0.102803738317757
6557,0.16161616161616163
6558,0.0082855321861058
6559,0.9252873563218391
6560,0.0082855321861058
6561,0.9846625766871165
6562,0.9846625766871165
6563,0.9846625766871165
6564,0.9846625766871165
6565,0.9252873563218391
6566,0.0082855321861058
6567,0.9464566929133859
6568,0.0
6569,0.0082855321861058
6570,1.0
6571,0.9464566929133859
6572,1.0
6573,1.0
6574,0.16161616161616163
6575,0.0082855321861058
6576,1.0
6577,0.0082855321861058
6578,0.0082855321861058
6579,0.1917808219178082
6580,0.0082855321861058
6581,0.0082855321861058
6582,1.0
6583,1.0
6584,1.0
6585,0.16161616161616163
6586,1.0
6587,0.0082855321861058
6588,0.9252873563218391
6589,0.0082855321861058
6590,0.9464566929133859
6591,0.9846625766871165
6592,1.0
6593,0.9464566929133859
6594,1.0
6595,0.9649122807017544
6596,0.0082855321861058
6597,1.0
6598,0.0082855321861058
6599,0.9464566929133859
6600,0.9464566929133859
6601,1.0
6602,0.9464566929133859
6603,0.0082855321861058
6604,0.9464566929133859
6605,0.0082855321861058
6606,0.9464566929133859
6607,0.9252873563218391
6608,1.0
6609,0.9464566929133859
6610,0.0082855321861058
6611,0.0082855321861058
6612,0.0082855321861058
6613,0.9464566929133859
6614,1.0
6615,1.0
6616,0.0082855321861058
6617,0.9846625766871165
6618,0.0082855321861058
6619,0.0082855321861058
6620,0.9464566929133859
6621,0.0082855321861058
6622,1.0
6623,0.5714285714285714
6624,0.9252873563218391
6625,1.0
6626,0.1917808219178082
6627,0.16666666666666666
6628,1.0
6629,0.0082855321861058
6630,1.0
6631,0.0082855321861058
6632,1.0
6633,0.0082855321861058
6634,0.9252873563218391
6635,0.4444444444444444
6636,0.0082855321861058
6637,0.9464566929133859
6638,0.7375
6639,0.0082855321861058
6640,0.9846625766871165
6641,0.0
6642,0.9846625766871165
6643,0.9322033898305084
6644,0.0082855321861058
6645,0.0082855321861058
6646,0.0082855321861058
6647,0.9534883720930233
6648,0.0082855321861058
6649,0.0082855321861058
6650,0.0082855321861058
6651,0.0082855321861058
6652,1.0
6653,0.39215686274509803
6654,1.0
6655,0.9252873563218391
6656,0.0
6657,0.0
6658,0.0082855321861058
6659,0.0082855321861058
6660,0.0082855321861058
6661,0.9322033898305084
6662,1.0
6663,1.0
6664,1.0
6665,0.0082855321861058
6666,1.0
6667,0.9464566929133859
6668,0.9252873563218391
6669,1.0
6670,1.0
6671,0.0082855321861058
6672,1.0
6673,1.0
6674,0.0082855321861058
6675,1.0
6676,0.0082855321861058
6677,1.0
6678,0.0082855321861058
6679,0.9464566929133859
6680,0.39215686274509803
6681,0.9464566929133859
6682,1.0
6683,0.0082855321861058
6684,0.0
6685,0.0082855321861058
6686,0.0082855321861058
6687,0.0
6688,1.0
6689,0.928
6690,0.0
6691,0.928
6692,0.9252873563218391
6693,0.39215686274509803
6694,0.0
6695,1.0
6696,0.0082855321861058
6697,0.0082855321861058
6698,0.9846625766871165
6699,0.0082855321861058
6700,0.0082855321861058
6701,0.0082855321861058
6702,0.0082855321861058
6703,0.102803738317757
6704,0.0082855321861058
6705,1.0
6706,0.9464566929133859
6707,0.928
6708,1.0
6709,0.928
6710,0.9464566929133859
6711,0.0082855321861058
6712,0.9375
6713,1.0
6714,1.0
6715,0.0082855321861058
6716,1.0
6717,0.16161616161616163
6718,0.9252873563218391
6719,0.16161616161616163
6720,0.9464566929133859
6721,0.0082855321861058
6722,0.0
6723,0.0082855321861058
6724,0.9649122807017544
6725,1.0
6726,1.0
6727,0.7375
6728,1.0
6729,0.9464566929133859
6730,0.0
6731,0.0082855321861058
6732,0.9534883720930233
6733,1.0
6734,1.0
6735,0.39215686274509803
6736,0.0082855321861058
6737,0.0082855321861058
6738,1.0
6739,0.0082855321861058
6740,0.0082855321861058
6741,0.0082855321861058
6742,0.9464566929133859
6743,0.9464566929133859
6744,0.9846625766871165
6745,0.0082855321861058
6746,1.0
6747,0.0082855321861058
6748,0.5714285714285714
6749,0.9464566929133859
6750,0.9846625766871165
6751,0.0
6752,0.9846625766871165
6753,0.9846625766871165
6754,0.102803738317757
6755,0.1917808219178082
6756,0.0082855321861058
6757,1.0
6758,1.0
6759,0.16161616161616163
6760,0.0
6761,0.0082855321861058
6762,0.928
6763,0.9464566929133859
6764,0.0082855321861058
6765,0.0082855321861058
6766,0.0082855321861058
6767,1.0
6768,0.7375
6769,0.4
6770,0.9464566929133859
6771,0.0082855321861058
6772,1.0
6773,1.0
6774,0.9846625766871165
6775,0.0082855321861058
6776,1.0
6777,1.0
6778,1.0
6779,0.0082855321861058
6780,0.0082855321861058
6781,0.9464566929133859
6782,0.0082855321861058
6783,0.16161616161616163
6784,0.9464566929133859
6785,0.1917808219178082
6786,0.9846625766871165
6787,1.0
6788,0.0082855321861058
6789,0.5714285714285714
6790,1.0
6791,0.9464566929133859
6792,0.0082855321861058
6793,1.0
6794,0.16161616161616163
6795,1.0
6796,0.9252873563218391
6797,1.0
6798,0.0082855321861058
6799,1.0
6800,0.9375
6801,0.9464566929133859
6802,0.9464566929133859
6803,0.9464566929133859
6804,1.0
6805,0.0082855321861058
6806,1.0
6807,0.0082855321861058
6808,0.9322033898305084
6809,0.0082855321861058
6810,0.5714285714285714
6811,1.0
6812,1.0
6813,1.0
6814,1.0
6815,0.7375
6816,0.0082855321861058
6817,0.0082855321861058
6818,0.9464566929133859
6819,0.9846625766871165
6820,1.0
6821,0.9464566929133859
6822,0.0082855321861058
6823,1.0
6824,0.0082855321861058
6825,0.0082855321861058
6826,0.0082855321861058
6827,1.0
6828,1.0
6829,0.0082855321861058
6830,0.928
6831,0.0
6832,0.9252873563218391
6833,0.39215686274509803
6834,0.9252873563218391
6835,0.0082855321861058
6836,1.0
6837,1.0
6838,0.0082855321861058
6839,0.0082855321861058
6840,0.0082855321861058
6841,1.0
6842,0.9846625766871165
6843,0.9464566929133859
6844,0.9464566929133859
6845,0.9464566929133859
6846,1.0
6847,0.0082855321861058
6848,0.0082855321861058
6849,0.0082855321861058
6850,1.0
6851,1.0
6852,1.0
6853,0.0082855321861058
6854,0.9846625766871165
6855,0.0082855321861058
6856,0.9252873563218391
6857,0.0082855321861058
6858,0.0082855321861058
6859,0.4
6860,0.7375
6861,1.0
6862,0.102803738317757
6863,0.9464566929133859
6864,0.0082855321861058
6865,1.0
6866,1.0
6867,0.0082855321861058
6868,0.0082855321861058
6869,1.0
6870,0.102803738317757
6871,1.0
6872,0.0082855321861058
6873,0.0082855321861058
6874,0.0
6875,0.0
6876,0.0082855321861058
6877,0.9464566929133859
6878,0.0082855321861058
6879,0.16161616161616163
6880,0.16161616161616163
6881,0.0082855321861058
6882,0.0082855321861058
6883,0.0082855321861058
6884,1.0
6885,1.0
6886,0.9252873563218391
6887,0.0082855321861058
6888,0.16161616161616163
6889,0.9464566929133859
6890,0.9464566929133859
6891,0.0082855321861058
6892,0.0082855321861058
6893,0.9252873563218391
6894,0.1917808219178082
6895,0.7375
6896,0.0082855321861058
6897,0.9252873563218391
6898,0.0
6899,1.0
6900,0.0082855321861058
6901,1.0
6902,0.0082855321861058
6903,1.0
6904,0.0082855321861058
6905,0.0082855321861058
6906,0.9534883720930233
6907,0.16161616161616163
6908,0.9464566929133859
6909,0.9464566929133859
6910,0.9464566929133859
6911,0.9464566929133859
6912,0.0082855321861058
6913,1.0
6914,0.9464566929133859
6915,0.0082855321861058
6916,0.0082855321861058
6917,0.9464566929133859
6918,0.0082855321861058
6919,0.102803738317757
6920,0.0082855321861058
6921,0.0082855321861058
6922,0.0082855321861058
6923,0.9846625766871165
6924,0.9464566929133859
6925,0.0082855321861058
6926,0.9846625766871165
6927,0.9252873563218391
6928,0.0082855321861058
6929,0.9464566929133859
6930,1.0
6931,0.0082855321861058
6932,0.9649122807017544
6933,1.0
6934,0.0082855321861058
6935,0.39215686274509803
6936,0.0082855321861058
6937,0.9464566929133859
6938,0.0082855321861058
6939,0.0082855321861058
6940,1.0
6941,0.0082855321861058
6942,0.0
6943,0.0082855321861058
6944,0.0082855321861058
6945,0.9464566929133859
6946,0.102803738317757
6947,0.0082855321861058
6948,0.0082855321861058
6949,0.16161616161616163
6950,0.102803738317757
6951,0.9846625766871165
6952,1.0
6953,0.9464566929133859
6954,0.0
6955,0.928
6956,0.9846625766871165
6957,0.0082855321861058
6958,0.0082855321861058
6959,0.0082855321861058
6960,0.9534883720930233
6961,1.0
6962,0.9846625766871165
6963,1.0
6964,1.0
6965,0.9252873563218391
6966,1.0
6967,1.0
6968,0.0082855321861058
6969,1.0
6970,0.0082855321861058
6971,0.0082855321861058
6972,1.0
6973,0.9252873563218391
6974,0.9322033898305084
6975,0.8484848484848485
6976,0.0082855321861058
6977,0.0082855321861058
6978,0.9252873563218391
6979,1.0
6980,0.9464566929133859
6981,0.9846625766871165
6982,0.0082855321861058
6983,0.5714285714285714
6984,1.0
6985,1.0
6986,0.0
6987,0.9464566929133859
6988,0.1917808219178082
6989,1.0
6990,0.0082855321861058
6991,1.0
6992,1.0
6993,0.16161616161616163
6994,0.0082855321861058
6995,0.0082855321861058
6996,1.0
6997,0.9464566929133859
6998,0.0082855321861058
6999,1.0
7000,0.0
7001,1.0
7002,1.0
7003,1.0
7004,0.0082855321861058
7005,0.0082855321861058
7006,0.9464566929133859
7007,0.16161616161616163
7008,0.16161616161616163
7009,0.0
7010,0.0
7011,0.928
7012,0.9252873563218391
7013,0.9464566929133859
7014,0.0
7015,0.0082855321861058
7016,1.0
7017,1.0
7018,0.8484848484848485
7019,0.102803738317757
7020,0.0082855321861058
7021,0.0082855321861058
7022,0.9464566929133859
7023,0.0
7024,0.9464566929133859
7025,0.9464566929133859
7026,1.0
7027,0.0082855321861058
7028,1.0
7029,0.16161616161616163
7030,0.0082855321861058
7031,0.9464566929133859
7032,1.0
7033,0.0082855321861058
7034,1.0
7035,1.0
7036,0.0082855321861058
7037,1.0
7038,0.9375
7039,0.9846625766871165
7040,1.0
7041,0.9464566929133859
7042,1.0
7043,0.0082855321861058
7044,0.9846625766871165
7045,0.0082855321861058
7046,0.0082855321861058
7047,0.16161616161616163
7048,0.0082855321861058
7049,1.0
7050,0.0082855321861058
7051,1.0
7052,0.16161616161616163
7053,0.0082855321861058
7054,0.9464566929133859
7055,1.0
7056,0.0082855321861058
7057,0.0
7058,0.9846625766871165
7059,0.0082855321861058
7060,1.0
7061,0.0082855321861058
7062,1.0
7063,0.0082855321861058
7064,1.0
7065,1.0
7066,0.0082855321861058
7067,0.0082855321861058
7068,1.0
7069,0.0082855321861058
7070,0.8484848484848485
7071,0.9649122807017544
7072,0.9252873563218391
7073,0.0082855321861058
7074,0.0082855321861058
7075,1.0
7076,0.0082855321861058
7077,0.9464566929133859
7078,1.0
7079,0.9464566929133859
7080,0.0082855321861058
7081,0.0082855321861058
7082,0.0082855321861058
7083,0.7375
7084,1.0
7085,0.0082855321861058
7086,0.0
7087,0.9846625766871165
7088,0.9464566929133859
7089,0.1917808219178082
7090,1.0
7091,0.9464566929133859
7092,0.39215686274509803
7093,1.0
7094,0.0
7095,0.9252873563218391
7096,0.0082855321861058
7097,1.0
7098,0.9252873563218391
7099,0.0082855321861058
7100,0.0082855321861058
7101,0.0
7102,0.102803738317757
7103,0.9252873563218391
7104,0.9846625766871165
7105,0.0082855321861058
7106,0.9464566929133859
7107,0.9846625766871165
7108,1.0
7109,0.16161616161616163
7110,1.0
7111,0.0082855321861058
7112,0.0082855321861058
7113,0.9252873563218391
7114,0.16161616161616163
7115,0.0082855321861058
7116,0.0082855321861058
7117,0.928
7118,0.0082855321861058
7119,0.0082855321861058
7120,0.16161616161616163
7121,0.9
7122,1.0
7123,0.928
7124,0.9322033898305084
7125,0.0082855321861058
7126,0.9846625766871165
7127,0.0
7128,0.9846625766871165
7129,0.9464566929133859
7130,0.9464566929133859
7131,0.39215686274509803
7132,0.102803738317757
7133,0.9322033898305084
7134,1.0
7135,0.0082855321861058
7136,0.8484848484848485
7137,0.9464566929133859
7138,1.0
7139,0.0082855321861058
7140,0.0082855321861058
7141,0.9464566929133859
7142,0.39215686274509803
7143,0.0082855321861058
7144,0.16161616161616163
7145,0.0082855321861058
7146,1.0
7147,0.0082855321861058
7148,0.0082855321861058
7149,0.928
7150,0.0
7151,0.9252873563218391
7152,0.0082855321861058
7153,1.0
7154,1.0
7155,0.0082855321861058
7156,0.0082855321861058
7157,0.928
7158,0.16161616161616163
7159,0.0082855321861058
7160,1.0
7161,0.9464566929133859
7162,0.102803738317757
7163,1.0
7164,0.0082855321861058
7165,0.0082855321861058
7166,0.9464566929133859
7167,0.0082855321861058
7168,0.5714285714285714
7169,0.928
7170,0.16161616161616163
7171,0.0
7172,0.9252873563218391
7173,1.0
7174,1.0
7175,0.7375
7176,0.0082855321861058
7177,0.0
7178,0.9464566929133859
7179,0.9464566929133859
7180,0.9464566929133859
7181,0.928
7182,0.0082855321861058
7183,0.0082855321861058
7184,0.16161616161616163
7185,0.0082855321861058
7186,0.9464566929133859
7187,0.9252873563218391
7188,0.0082855321861058
7189,0.9464566929133859
7190,0.0082855321861058
7191,1.0
7192,0.9252873563218391
7193,0.9464566929133859
7194,0.0082855321861058
7195,0.0082855321861058
7196,1.0
7197,0.16161616161616163
7198,1.0
7199,0.7375
7200,0.928
7201,0.0082855321861058
7202,1.0
7203,0.9846625766871165
7204,0.9464566929133859
7205,1.0
7206,0.9464566929133859
7207,0.9464566929133859
7208,0.16666666666666666
7209,0.9464566929133859
7210,1.0
7211,0.39215686274509803
7212,0.0
7213,1.0
7214,1.0
7215,1.0
7216,0.0
7217,0.928
7218,0.0082855321861058
7219,0.9464566929133859
7220,0.9846625766871165
7221,0.9846625766871165
7222,0.9464566929133859
7223,0.0082855321861058
7224,0.9464566929133859
7225,0.9846625766871165
7226,1.0
7227,0.39215686274509803
7228,0.0082855321861058
7229,0.0082855321861058
7230,0.102803738317757
7231,0.9464566929133859
7232,0.0
7233,0.9464566929133859
7234,1.0
7235,1.0
7236,0.0082855321861058
7237,1.0
7238,0.0082855321861058
7239,0.0082855321861058
7240,0.9464566929133859
7241,0.9322033898305084
7242,0.9464566929133859
7243,0.9846625766871165
7244,0.39215686274509803
7245,1.0
7246,0.0082855321861058
7247,0.0082855321861058
7248,1.0
7249,0.0082855321861058
7250,0.9846625766871165
7251,0.9846625766871165
7252,0.16161616161616163
7253,0.9464566929133859
7254,0.0082855321861058
7255,0.928
7256,0.0082855321861058
7257,1.0
7258,0.9846625766871165
7259,0.7375
7260,0.0082855321861058
7261,0.16161616161616163
7262,0.16161616161616163
7263,1.0
7264,0.0082855321861058
7265,0.7375
7266,0.9464566929133859
7267,0.9846625766871165
7268,0.0082855321861058
7269,0.0082855321861058
7270,0.9464566929133859
7271,0.9464566929133859
7272,0.9464566929133859
7273,0.9534883720930233
7274,0.9464566929133859
7275,0.9464566929133859
7276,0.9464566929133859
7277,1.0
7278,0.0082855321861058
7279,0.0082855321861058
7280,0.0
7281,0.9464566929133859
7282,0.9534883720930233
7283,0.0082855321861058
7284,0.9464566929133859
7285,0.9846625766871165
7286,1.0
7287,0.0082855321861058
7288,0.9846625766871165
7289,0.9846625766871165
7290,0.9464566929133859
7291,0.9649122807017544
7292,0.0082855321861058
7293,0.9846625766871165
7294,0.9375
7295,0.9464566929133859
7296,0.39215686274509803
7297,0.9846625766871165
7298,0.0082855321861058
7299,0.9846625766871165
7300,0.0082855321861058
7301,1.0
7302,0.9464566929133859
7303,0.9846625766871165
7304,1.0
7305,0.9464566929133859
7306,1.0
7307,0.9252873563218391
7308,0.9464566929133859
7309,0.9534883720930233
7310,1.0
7311,1.0
7312,0.16666666666666666
7313,0.928
7314,0.9252873563218391
7315,0.0082855321861058
7316,0.0
7317,0.0082855321861058
7318,0.9375
7319,0.9846625766871165
7320,1.0
7321,0.9649122807017544
7322,0.0082855321861058
7323,0.0082855321861058
7324,0.0082855321861058
7325,0.0082855321861058
7326,0.9464566929133859
7327,0.0082855321861058
7328,0.9464566929133859
7329,0.9846625766871165
7330,1.0
7331,0.9252873563218391
7332,0.9846625766871165
7333,1.0
7334,0.0082855321861058
7335,0.0082855321861058
7336,0.0082855321861058
7337,1.0
7338,0.4444444444444444
7339,0.9252873563218391
7340,0.0082855321861058
7341,0.9252873563218391
7342,1.0
7343,0.0082855321861058
7344,0.0082855321861058
7345,1.0
7346,0.9846625766871165
7347,0.0082855321861058
7348,0.16161616161616163
7349,1.0
7350,0.16161616161616163
7351,0.9252873563218391
7352,0.0082855321861058
7353,0.0082855321861058
7354,1.0
7355,0.0082855321861058
7356,0.0082855321861058
7357,1.0
7358,0.16161616161616163
7359,1.0
7360,1.0
7361,1.0
7362,0.7375
7363,0.0082855321861058
7364,1.0
7365,0.7375
7366,0.9846625766871165
7367,0.4444444444444444
7368,0.9322033898305084
7369,0.0082855321861058
7370,0.0082855321861058
7371,0.9464566929133859
7372,0.0082855321861058
7373,1.0
7374,0.0082855321861058
7375,1.0
7376,0.9464566929133859
7377,0.9846625766871165
7378,1.0
7379,0.9846625766871165
7380,0.0082855321861058
7381,0.0082855321861058
7382,1.0
7383,0.39215686274509803
7384,0.1917808219178082
7385,0.102803738317757
7386,1.0
7387,1.0
7388,1.0
7389,1.0
7390,0.0082855321861058
7391,0.0082855321861058
7392,0.0082855321861058
7393,0.0082855321861058
7394,0.9464566929133859
7395,1.0
7396,0.0082855321861058
7397,1.0
7398,0.0
7399,1.0
7400,0.9846625766871165
7401,0.0082855321861058
7402,0.9464566929133859
7403,1.0
7404,0.9252873563218391
7405,0.0082855321861058
7406,0.0082855321861058
7407,0.9464566929133859
7408,0.0082855321861058
7409,0.0082855321861058
7410,0.0082855321861058
7411,0.102803738317757
7412,0.0082855321861058
7413,1.0
7414,0.9846625766871165
7415,0.0082855321861058
7416,0.0082855321861058
7417,0.9464566929133859
7418,0.16161616161616163
7419,1.0
7420,1.0
7421,1.0
7422,0.9846625766871165
7423,1.0
7424,0.0082855321861058
7425,1.0
7426,0.102803738317757
7427,0.9464566929133859
7428,0.0082855321861058
7429,0.0082855321861058
7430,1.0
7431,0.0082855321861058
7432,0.16161616161616163
7433,0.9464566929133859
7434,0.0
7435,0.9464566929133859
7436,0.9252873563218391
7437,0.0
7438,0.0082855321861058
7439,0.0082855321861058
7440,0.928
7441,0.9252873563218391
7442,0.0082855321861058
7443,0.0
7444,0.9464566929133859
7445,0.9464566929133859
7446,0.9252873563218391
7447,0.16161616161616163
7448,0.0082855321861058
7449,1.0
7450,0.9322033898305084
7451,0.0082855321861058
7452,0.0
7453,1.0
7454,1.0
7455,1.0
7456,0.0082855321861058
7457,0.0082855321861058
7458,0.0082855321861058
7459,0.0082855321861058
7460,0.102803738317757
7461,0.9464566929133859
7462,1.0
7463,1.0
7464,0.0082855321861058
7465,1.0
7466,0.16666666666666666
7467,1.0
7468,0.0082855321861058
7469,0.0
7470,0.9464566929133859
7471,0.0082855321861058
7472,0.0082855321861058
7473,1.0
7474,0.0082855321861058
7475,0.9846625766871165
7476,1.0
7477,0.0082855321861058
7478,0.0082855321861058
7479,0.0082855321861058
7480,0.0082855321861058
7481,1.0
7482,0.0082855321861058
7483,0.0082855321861058
7484,0.9252873563218391
7485,1.0
7486,0.0082855321861058
7487,0.9464566929133859
7488,1.0
7489,1.0
7490,0.0082855321861058
7491,0.9534883720930233
7492,0.9322033898305084
7493,0.928
7494,1.0
7495,0.0082855321861058
7496,0.0082855321861058
7497,1.0
7498,1.0
7499,0.8484848484848485
7500,0.9252873563218391
7501,1.0
7502,0.9375
7503,1.0
7504,1.0
7505,1.0
7506,0.9464566929133859
7507,0.102803738317757
7508,0.102803738317757
7509,1.0
7510,0.0082855321861058
7511,0.1917808219178082
7512,0.0082855321861058
7513,0.0082855321861058
7514,0.102803738317757
7515,0.9846625766871165
7516,1.0
7517,0.0082855321861058
7518,0.0082855321861058
7519,1.0
7520,0.0082855321861058
7521,0.0082855321861058
7522,1.0
7523,0.39215686274509803
7524,0.0082855321861058
7525,0.0082855321861058
7526,0.9464566929133859
7527,0.9846625766871165
7528,0.4
7529,0.9464566929133859
7530,0.9846625766871165
7531,0.9464566929133859
7532,0.0082855321861058
7533,1.0
7534,0.9464566929133859
7535,0.0082855321861058
7536,1.0
7537,0.102803738317757
7538,0.0082855321861058
7539,1.0
7540,1.0
7541,0.9464566929133859
7542,1.0
7543,0.16666666666666666
7544,0.0082855321861058
7545,0.9534883720930233
7546,1.0
7547,0.0082855321861058
7548,1.0
7549,0.0082855321861058
7550,0.0082855321861058
7551,0.9252873563218391
7552,1.0
7553,0.9464566929133859
7554,0.9464566929133859
7555,0.9464566929133859
7556,1.0
7557,0.16161616161616163
7558,0.102803738317757
7559,0.16161616161616163
7560,0.25
7561,0.9846625766871165
7562,0.16161616161616163
7563,1.0
7564,0.0082855321861058
7565,0.0082855321861058
7566,0.0082855321861058
7567,0.1917808219178082
7568,0.9534883720930233
7569,0.8484848484848485
7570,0.0082855321861058
7571,0.0082855321861058
7572,0.9846625766871165
7573,0.9846625766871165
7574,0.9464566929133859
7575,0.9
7576,0.4444444444444444
7577,0.9322033898305084
7578,0.928
7579,0.9252873563218391
7580,0.0082855321861058
7581,1.0
7582,0.16161616161616163
7583,0.7375
7584,0.9846625766871165
7585,0.0082855321861058
7586,0.9375
7587,0.9534883720930233
7588,0.16161616161616163
7589,0.7375
7590,0.0082855321861058
7591,0.9464566929133859
7592,0.0
7593,0.9464566929133859
7594,0.0082855321861058
7595,1.0
7596,0.9464566929133859
7597,1.0
7598,0.9464566929133859
7599,0.0082855321861058
7600,0.9464566929133859
7601,0.9375
7602,0.0082855321861058
7603,0.9534883720930233
7604,0.0082855321861058
7605,0.0082855321861058
7606,0.9464566929133859
7607,0.0082855321861058
7608,0.1917808219178082
7609,0.9252873563218391
7610,0.9464566929133859
7611,0.9464566929133859
7612,1.0
7613,0.0082855321861058
7614,0.9846625766871165
7615,1.0
7616,0.0082855321861058
7617,1.0
7618,0.0082855321861058
7619,1.0
7620,1.0
7621,0.0082855321861058
7622,0.0082855321861058
7623,0.0082855321861058
7624,0.0082855321861058
7625,0.0082855321861058
7626,0.9464566929133859
7627,1.0
7628,0.0082855321861058
7629,0.0082855321861058
7630,0.9252873563218391
7631,0.9464566929133859
7632,0.9252873563218391
7633,0.9846625766871165
7634,1.0
7635,1.0
7636,0.0082855321861058
7637,0.928
7638,0.9464566929133859
7639,1.0
7640,1.0
7641,0.928
7642,0.9252873563218391
7643,0.9846625766871165
7644,1.0
7645,0.0082855321861058
7646,1.0
7647,0.102803738317757
7648,0.16161616161616163
7649,1.0
7650,0.9846625766871165
7651,0.0082855321861058
7652,0.0082855321861058
7653,0.9464566929133859
7654,0.102803738317757
7655,1.0
7656,0.0082855321861058
7657,0.0082855321861058
7658,0.9846625766871165
7659,0.0082855321861058
7660,0.9464566929133859
7661,0.9464566929133859
7662,0.9846625766871165
7663,0.0082855321861058
7664,0.0082855321861058
7665,0.16161616161616163
7666,0.928
7667,1.0
7668,0.0082855321861058
7669,1.0
7670,0.0082855321861058
7671,0.7375
7672,0.102803738317757
7673,1.0
7674,0.0082855321861058
7675,0.0082855321861058
7676,0.0082855321861058
7677,0.8484848484848485
7678,0.9846625766871165
7679,0.928
7680,1.0
7681,0.0082855321861058
7682,0.0082855321861058
7683,1.0
7684,0.9
7685,0.9464566929133859
7686,0.9464566929133859
7687,0.0
7688,0.0082855321861058
7689,1.0
7690,0.9464566929133859
7691,0.0082855321861058
7692,0.9464566929133859
7693,0.16161616161616163
7694,0.928
7695,1.0
7696,0.0082855321861058
7697,0.16161616161616163
7698,0.0082855321861058
7699,1.0
7700,1.0
7701,1.0
7702,0.0082855321861058
7703,0.0082855321861058
7704,0.0082855321861058
7705,0.9252873563218391
7706,1.0
7707,0.9649122807017544
7708,0.9464566929133859
7709,0.0082855321861058
7710,1.0
7711,0.9846625766871165
7712,1.0
7713,0.0082855321861058
7714,0.9846625766871165
7715,0.9252873563218391
7716,0.1917808219178082
7717,0.0082855321861058
7718,1.0
7719,1.0
7720,0.9252873563218391
7721,0.9649122807017544
7722,0.9464566929133859
7723,0.0082855321861058
7724,0.928
7725,0.9464566929133859
7726,0.16161616161616163
7727,0.39215686274509803
7728,1.0
7729,0.9846625766871165
7730,0.0
7731,0.0082855321861058
7732,0.0
7733,0.0082855321861058
7734,1.0
7735,0.9464566929133859
7736,1.0
7737,0.0082855321861058
7738,0.16161616161616163
7739,1.0
7740,1.0
7741,0.0082855321861058
7742,0.9464566929133859
7743,0.9649122807017544
7744,0.9464566929133859
7745,0.0082855321861058
7746,0.0082855321861058
7747,0.9846625766871165
7748,1.0
7749,0.9464566929133859
7750,0.7375
7751,0.0082855321861058
7752,0.7375
7753,0.16161616161616163
7754,0.9464566929133859
7755,0.0082855321861058
7756,0.0082855321861058
7757,0.16161616161616163
7758,0.102803738317757
7759,0.9464566929133859
7760,0.39215686274509803
7761,1.0
7762,0.16161616161616163
7763,0.9534883720930233
7764,0.9846625766871165
7765,0.0082855321861058
7766,1.0
7767,1.0
7768,0.25
7769,0.16161616161616163
7770,0.0082855321861058
7771,1.0
7772,0.0082855321861058
7773,0.9846625766871165
7774,0.0082855321861058
7775,0.9846625766871165
7776,0.16161616161616163
7777,0.0082855321861058
7778,1.0
7779,0.0082855321861058
7780,0.9464566929133859
7781,0.9464566929133859
7782,0.4
7783,0.9252873563218391
7784,1.0
7785,0.9846625766871165
7786,0.928
7787,0.9252873563218391
7788,1.0
7789,0.16666666666666666
7790,0.0082855321861058
7791,0.0
7792,1.0
7793,0.9464566929133859
7794,0.0082855321861058
7795,0.9846625766871165
7796,0.9846625766871165
7797,1.0
7798,0.9464566929133859
7799,0.928
7800,1.0
7801,0.9464566929133859
7802,1.0
7803,0.0082855321861058
7804,0.16161616161616163
7805,0.0082855321861058
7806,0.9649122807017544
7807,0.0082855321861058
7808,1.0
7809,0.0
7810,0.0082855321861058
7811,0.0082855321861058
7812,0.0
7813,0.0
7814,0.0082855321861058
7815,0.9464566929133859
7816,0.9464566929133859
7817,0.0082855321861058
7818,1.0
7819,0.9846625766871165
7820,0.9846625766871165
7821,0.9464566929133859
7822,0.0082855321861058
7823,0.0082855321861058
7824,0.9464566929133859
7825,1.0
7826,1.0
7827,0.0082855321861058
7828,0.9464566929133859
7829,0.9252873563218391
7830,1.0
7831,0.0082855321861058
7832,0.102803738317757
7833,0.9464566929133859
7834,0.9464566929133859
7835,0.0082855321861058
7836,0.9464566929133859
7837,0.0
7838,0.9649122807017544
7839,0.0082855321861058
7840,0.0082855321861058
7841,0.928
7842,0.0082855321861058
7843,0.0082855321861058
7844,1.0
7845,0.928
7846,0.0082855321861058
7847,0.0082855321861058
7848,0.9846625766871165
7849,0.1917808219178082
7850,0.0082855321861058
7851,0.0082855321861058
7852,0.0082855321861058
7853,0.928
7854,1.0
7855,0.928
7856,0.0082855321861058
7857,1.0
7858,0.0082855321861058
7859,1.0
7860,0.0082855321861058
7861,0.0082855321861058
7862,0.7375
7863,0.0082855321861058
7864,0.9252873563218391
7865,1.0
7866,0.9846625766871165
7867,0.0082855321861058
7868,1.0
7869,0.9464566929133859
7870,1.0
7871,0.0082855321861058
7872,0.16161616161616163
7873,0.0082855321861058
7874,0.0082855321861058
7875,0.16161616161616163
7876,0.9846625766871165
7877,0.7375
7878,0.0082855321861058
7879,0.9252873563218391
7880,0.0082855321861058
7881,0.9846625766871165
7882,0.9375
7883,1.0
7884,0.7375
7885,0.8484848484848485
7886,0.1917808219178082
7887,0.9464566929133859
7888,0.0082855321861058
7889,0.9252873563218391
7890,0.1917808219178082
7891,0.4444444444444444
7892,0.0082855321861058
7893,0.9252873563218391
7894,1.0
7895,0.0082855321861058
7896,0.0
7897,0.0
7898,1.0
7899,0.9846625766871165
7900,0.0082855321861058
7901,1.0
7902,1.0
7903,0.0082855321861058
7904,1.0
7905,0.9464566929133859
7906,0.0082855321861058
7907,1.0
7908,0.9464566929133859
7909,1.0
7910,0.16161616161616163
7911,0.9846625766871165
7912,1.0
7913,0.9464566929133859
7914,1.0
7915,0.0082855321861058
7916,0.9464566929133859
7917,1.0
7918,1.0
7919,0.928
7920,0.9464566929133859
7921,0.0082855321861058
7922,0.9846625766871165
7923,0.9846625766871165
7924,1.0
7925,0.16161616161616163
7926,0.102803738317757
7927,0.9464566929133859
7928,0.1917808219178082
7929,1.0
7930,1.0
7931,0.4444444444444444
7932,0.9846625766871165
7933,0.9464566929133859
7934,1.0
7935,0.0082855321861058
7936,0.0082855321861058
7937,0.1917808219178082
7938,0.0082855321861058
7939,0.9322033898305084
7940,0.0082855321861058
7941,0.9846625766871165
7942,0.39215686274509803
7943,0.0082855321861058
7944,0.0082855321861058
7945,1.0
7946,0.9464566929133859
7947,0.0082855321861058
7948,0.4444444444444444
7949,1.0
7950,0.9846625766871165
7951,1.0
7952,0.9252873563218391
7953,0.16161616161616163
7954,1.0
7955,0.0082855321861058
7956,0.5714285714285714
7957,0.9464566929133859
7958,0.0082855321861058
7959,0.0082855321861058
7960,0.9464566929133859
7961,0.102803738317757
7962,0.0082855321861058
7963,0.9252873563218391
7964,0.0082855321861058
7965,0.9846625766871165
7966,0.0082855321861058
7967,1.0
7968,0.0082855321861058
7969,0.0082855321861058
7970,0.0082855321861058
7971,0.0082855321861058
7972,0.9464566929133859
7973,0.9464566929133859
7974,1.0
7975,0.9464566929133859
7976,0.0082855321861058
7977,0.102803738317757
7978,1.0
7979,0.39215686274509803
7980,0.9464566929133859
7981,0.9322033898305084
7982,0.9464566929133859
7983,0.0
7984,1.0
7985,0.0082855321861058
7986,0.0082855321861058
7987,0.9464566929133859
7988,0.928
7989,0.9464566929133859
7990,0.9464566929133859
7991,0.9464566929133859
7992,1.0
7993,0.0082855321861058
7994,0.0082855321861058
7995,0.0082855321861058
7996,1.0
7997,1.0
7998,0.7375
7999,1.0
8000,0.16161616161616163
8001,0.9252873563218391
8002,0.0082855321861058
8003,1.0
8004,0.0082855321861058
8005,0.0082855321861058
8006,0.9252873563218391
8007,0.0082855321861058
8008,0.1917808219178082
8009,0.9464566929133859
8010,1.0
8011,0.0082855321861058
8012,0.9464566929133859
8013,0.0082855321861058
8014,0.1917808219178082
8015,0.9322033898305084
8016,0.9649122807017544
8017,0.9464566929133859
8018,1.0
8019,0.0082855321861058
8020,0.9464566929133859
8021,0.0082855321861058
8022,0.9464566929133859
8023,1.0
8024,0.16161616161616163
8025,0.16161616161616163
8026,1.0
8027,0.9846625766871165
8028,0.0082855321861058
8029,1.0
8030,0.9322033898305084
8031,0.0
8032,1.0
8033,0.0082855321861058
8034,1.0
8035,0.9322033898305084
8036,0.0082855321861058
8037,0.0082855321861058
8038,0.9846625766871165
8039,0.9534883720930233
8040,0.0082855321861058
8041,0.9464566929133859
8042,0.9464566929133859
8043,1.0
8044,1.0
8045,0.0082855321861058
8046,0.0082855321861058
8047,0.0
8048,0.9464566929133859
8049,0.0082855321861058
8050,1.0
8051,0.0082855321861058
8052,0.9846625766871165
8053,0.0082855321861058
8054,0.1917808219178082
8055,0.9464566929133859
8056,0.9846625766871165
8057,0.39215686274509803
8058,0.0082855321861058
8059,0.9464566929133859
8060,0.9846625766871165
8061,1.0
8062,0.16161616161616163
8063,0.0082855321861058
8064,1.0
8065,0.0082855321861058
8066,0.9252873563218391
8067,0.0082855321861058
8068,0.928
8069,0.0082855321861058
8070,0.0082855321861058
8071,0.9846625766871165
8072,1.0
8073,0.8
8074,0.9252873563218391
8075,0.0082855321861058
8076,1.0
8077,0.0082855321861058
8078,1.0
8079,0.0082855321861058
8080,0.16161616161616163
8081,0.9846625766871165
8082,0.9464566929133859
8083,0.0
8084,1.0
8085,0.0082855321861058
8086,0.9464566929133859
8087,0.102803738317757
8088,1.0
8089,0.7375
8090,0.9322033898305084
8091,1.0
8092,0.0082855321861058
8093,0.9322033898305084
8094,1.0
8095,0.1917808219178082
8096,1.0
8097,1.0
8098,0.0082855321861058
8099,1.0
8100,0.0082855321861058
8101,0.102803738317757
8102,0.0082855321861058
8103,0.0082855321861058
8104,0.9464566929133859
8105,0.0082855321861058
8106,0.9846625766871165
8107,0.16161616161616163
8108,0.0082855321861058
8109,0.0082855321861058
8110,0.39215686274509803
8111,0.1917808219178082
8112,0.0082855321861058
8113,0.9464566929133859
8114,0.39215686274509803
8115,1.0
8116,0.0082855321861058
8117,0.0082855321861058
8118,0.9464566929133859
8119,0.0082855321861058
8120,1.0
8121,1.0
8122,0.0082855321861058
8123,0.0082855321861058
8124,0.7375
8125,0.0082855321861058
8126,0.0082855321861058
8127,0.16161616161616163
8128,0.0082855321861058
8129,0.0082855321861058
8130,0.0082855321861058
8131,0.0
8132,0.0082855321861058
8133,1.0
8134,0.9464566929133859
8135,0.39215686274509803
8136,0.0082855321861058
8137,0.4444444444444444
8138,0.9846625766871165
8139,0.0082855321861058
8140,1.0
8141,0.0
8142,0.9846625766871165
8143,0.0082855321861058
8144,0.9846625766871165
8145,0.16161616161616163
8146,1.0
8147,1.0
8148,0.0082855321861058
8149,0.16161616161616163
8150,0.9464566929133859
8151,0.0082855321861058
8152,1.0
8153,0.9464566929133859
8154,1.0
8155,1.0
8156,0.16161616161616163
8157,0.16161616161616163
8158,1.0
8159,1.0
8160,0.0082855321861058
8161,1.0
8162,0.0082855321861058
8163,0.0082855321861058
8164,0.0082855321861058
8165,0.0082855321861058
8166,1.0
8167,0.0082855321861058
8168,0.0082855321861058
8169,0.9252873563218391
8170,0.9464566929133859
8171,0.0082855321861058
8172,0.0082855321861058
8173,0.9846625766871165
8174,0.0082855321861058
8175,1.0
8176,0.7375
8177,0.0082855321861058
8178,0.0082855321861058
8179,0.9649122807017544
8180,0.9252873563218391
8181,0.0082855321861058
8182,0.0082855321861058
8183,1.0
8184,0.0082855321861058
8185,0.0082855321861058
8186,1.0
8187,1.0
8188,1.0
8189,1.0
8190,0.0082855321861058
8191,1.0
8192,1.0
8193,1.0
8194,0.0082855321861058
8195,1.0
8196,1.0
8197,1.0
8198,1.0
8199,1.0
8200,0.0082855321861058
8201,1.0
8202,0.9464566929133859
8203,1.0
8204,1.0
8205,1.0
8206,0.0082855321861058
8207,0.0082855321861058
8208,0.9846625766871165
8209,1.0
8210,0.1917808219178082
8211,0.16161616161616163
8212,0.0082855321861058
8213,0.25
8214,0.0082855321861058
8215,0.0
8216,0.9252873563218391
8217,1.0
8218,0.0
8219,0.0082855321861058
8220,0.9252873563218391
8221,0.0082855321861058
8222,0.0082855321861058
8223,0.0082855321861058
8224,0.0
8225,0.0082855321861058
8226,0.0
8227,0.928
8228,0.9464566929133859
8229,0.9846625766871165
8230,0.0082855321861058
8231,0.9464566929133859
8232,0.9464566929133859
8233,0.9846625766871165
8234,0.16161616161616163
8235,0.0082855321861058
8236,1.0
8237,1.0
8238,0.9846625766871165
8239,0.9322033898305084
8240,1.0
8241,0.5714285714285714
8242,0.39215686274509803
8243,1.0
8244,0.7375
8245,0.1917808219178082
8246,0.928
8247,0.16161616161616163
8248,0.0082855321861058
8249,0.0082855321861058
8250,0.9846625766871165
8251,1.0
8252,0.0082855321861058
8253,1.0
8254,0.0
8255,0.0082855321861058
8256,0.0082855321861058
8257,0.0082855321861058
8258,0.0082855321861058
8259,1.0
8260,0.9846625766871165
8261,0.0082855321861058
8262,0.928
8263,0.9464566929133859
8264,1.0
8265,0.7375
8266,0.0082855321861058
8267,0.16161616161616163
8268,0.0082855321861058
8269,0.0
8270,0.9464566929133859
8271,1.0
8272,0.0
8273,0.9464566929133859
8274,0.9464566929133859
8275,1.0
8276,0.0082855321861058
8277,0.0082855321861058
8278,0.928
8279,0.9846625766871165
8280,0.0082855321861058
8281,0.8484848484848485
8282,1.0
8283,0.928
8284,1.0
8285,1.0
8286,0.1917808219178082
8287,0.0082855321861058
8288,0.9846625766871165
8289,0.0082855321861058
8290,0.0082855321861058
8291,0.9464566929133859
8292,1.0
8293,1.0
8294,0.0082855321861058
8295,0.9846625766871165
8296,0.0082855321861058
8297,0.0082855321861058
8298,1.0
8299,1.0
8300,0.9464566929133859
8301,1.0
8302,1.0
8303,0.0082855321861058
8304,0.0082855321861058
8305,0.0082855321861058
8306,1.0
8307,0.9649122807017544
8308,0.16161616161616163
8309,1.0
8310,0.0082855321861058
8311,0.0082855321861058
8312,1.0
8313,0.9252873563218391
8314,0.0082855321861058
8315,0.0082855321861058
8316,0.102803738317757
8317,1.0
8318,1.0
8319,0.0082855321861058
8320,0.0082855321861058
8321,0.39215686274509803
8322,0.0082855321861058
8323,0.0082855321861058
8324,1.0
8325,0.102803738317757
8326,0.9322033898305084
8327,0.0082855321861058
8328,1.0
8329,0.0082855321861058
8330,1.0
8331,0.39215686274509803
8332,0.9252873563218391
8333,0.0082855321861058
8334,0.928
8335,0.0082855321861058
8336,0.0082855321861058
8337,0.16161616161616163
8338,0.9464566929133859
8339,0.9322033898305084
8340,1.0
8341,0.0082855321861058
8342,0.8484848484848485
8343,1.0
8344,0.0082855321861058
8345,0.16161616161616163
8346,0.0
8347,0.0082855321861058
8348,0.0082855321861058
8349,0.0082855321861058
8350,1.0
8351,1.0
8352,1.0
8353,0.16161616161616163
8354,0.0082855321861058
8355,1.0
8356,0.102803738317757
8357,0.0082855321861058
8358,1.0
8359,0.9322033898305084
8360,0.9846625766871165
8361,0.0082855321861058
8362,0.39215686274509803
8363,1.0
8364,0.0082855321861058
8365,0.9322033898305084
8366,0.0082855321861058
8367,0.16161616161616163
8368,0.0082855321861058
8369,0.16161616161616163
8370,0.928
8371,0.0
8372,0.9464566929133859
8373,0.0082855321861058
8374,0.0082855321861058
8375,1.0
8376,0.9322033898305084
8377,0.0082855321861058
8378,0.9322033898305084
8379,1.0
8380,0.0082855321861058
8381,0.928
8382,0.9464566929133859
8383,0.0082855321861058
8384,0.0082855321861058
